{
  "2": {
    "data": "05060708",
    "size": 4,
    "timestamp": 1742554652.5282183
  },
  "3": {
    "data": "090a0b0c",
    "size": 4,
    "timestamp": 1742554652.9928565
  },
  "5": {
    "data": "4bc3d0c2",
    "size": 4,
    "timestamp": 1742554653.4607728
  },
  "6": {
    "data": "79883e02",
    "size": 4,
    "timestamp": 1742554653.9475713
  },
  "8": {
    "data": "685042cd",
    "size": 4,
    "timestamp": 1742554654.445058
  },
  "9": {
    "data": "97935676",
    "size": 4,
    "timestamp": 1742554654.9113512
  },
  "10": {
    "data": "ff5d1a0b",
    "size": 4,
    "timestamp": 1742554655.388174
  },
  "11": {
    "data": "6386be7d",
    "size": 4,
    "timestamp": 1742554655.8769145
  },
  "12": {
    "data": "603cc557",
    "size": 4,
    "timestamp": 1742554656.3530905
  },
  "13": {
    "data": "a22e15fa",
    "size": 4,
    "timestamp": 1742554656.8280144
  },
  "14": {
    "data": "9d7f62e1",
    "size": 4,
    "timestamp": 1742554657.328737
  },
  "15": {
    "data": "558ef6ae",
    "size": 4,
    "timestamp": 1742554657.8251405
  },
  "16": {
    "data": "89bfbafd",
    "size": 4,
    "timestamp": 1742554658.2991893
  },
  "17": {
    "data": "72c973d7",
    "size": 4,
    "timestamp": 1742554658.7882454
  },
  "18": {
    "data": "16cdf1b6",
    "size": 4,
    "timestamp": 1742554659.2565224
  },
  "19": {
    "data": "8b825545",
    "size": 4,
    "timestamp": 1742554659.7480476
  },
  "20": {
    "data": "01e454fd",
    "size": 4,
    "timestamp": 1742554660.2059977
  },
  "21": {
    "data": "8cf10618",
    "size": 4,
    "timestamp": 1742554660.6879077
  },
  "22": {
    "data": "e3bef403",
    "size": 4,
    "timestamp": 1742554661.1693072
  },
  "23": {
    "data": "08ce82ec",
    "size": 4,
    "timestamp": 1742554661.6846797
  },
  "24": {
    "data": "45f8519f",
    "size": 4,
    "timestamp": 1742554662.1677463
  },
  "25": {
    "data": "1037fd43",
    "size": 4,
    "timestamp": 1742554662.6406841
  },
  "26": {
    "data": "e082d6d7",
    "size": 4,
    "timestamp": 1742554663.1229246
  },
  "27": {
    "data": "48ee4e09",
    "size": 4,
    "timestamp": 1742554663.6042848
  },
  "28": {
    "data": "1323a6e5",
    "size": 4,
    "timestamp": 1742554664.0883918
  },
  "29": {
    "data": "02ef048f",
    "size": 4,
    "timestamp": 1742554664.5644429
  },
  "30": {
    "data": "e8323c74",
    "size": 4,
    "timestamp": 1742554665.0275264
  },
  "31": {
    "data": "337eee89",
    "size": 4,
    "timestamp": 1742554665.5075862
  },
  "32": {
    "data": "725121b1",
    "size": 4,
    "timestamp": 1742554665.982971
  },
  "33": {
    "data": "34f08b58",
    "size": 4,
    "timestamp": 1742554666.4505455
  },
  "34": {
    "data": "4221d88f",
    "size": 4,
    "timestamp": 1742554666.9358099
  },
  "35": {
    "data": "e5b4d1b8",
    "size": 4,
    "timestamp": 1742554667.4284258
  },
  "36": {
    "data": "b1e5c84b",
    "size": 4,
    "timestamp": 1742554667.920415
  },
  "37": {
    "data": "540e0d12",
    "size": 4,
    "timestamp": 1742554668.388575
  },
  "38": {
    "data": "b9fa6a98",
    "size": 4,
    "timestamp": 1742554668.8391676
  },
  "39": {
    "data": "83d6a316",
    "size": 4,
    "timestamp": 1742554669.3069866
  },
  "40": {
    "data": "52762d64",
    "size": 4,
    "timestamp": 1742554669.8102193
  },
  "41": {
    "data": "11c057e8",
    "size": 4,
    "timestamp": 1742554670.2664974
  },
  "42": {
    "data": "5ea28267",
    "size": 4,
    "timestamp": 1742554670.7605233
  },
  "43": {
    "data": "be1eb7cb",
    "size": 4,
    "timestamp": 1742554671.2240646
  },
  "44": {
    "data": "d009d4f1",
    "size": 4,
    "timestamp": 1742554671.7048318
  },
  "45": {
    "data": "603e5376",
    "size": 4,
    "timestamp": 1742554672.1751175
  },
  "46": {
    "data": "057692d5",
    "size": 4,
    "timestamp": 1742554672.6894321
  },
  "47": {
    "data": "da1f6f27",
    "size": 4,
    "timestamp": 1742554673.1860404
  },
  "48": {
    "data": "16b18e0d",
    "size": 4,
    "timestamp": 1742554673.6561656
  },
  "49": {
    "data": "29a3e454",
    "size": 4,
    "timestamp": 1742554674.1457202
  },
  "50": {
    "data": "9b0be14c",
    "size": 4,
    "timestamp": 1742554674.6414032
  },
  "51": {
    "data": "0d8bc52e",
    "size": 4,
    "timestamp": 1742554675.113146
  },
  "52": {
    "data": "7c8be66f",
    "size": 4,
    "timestamp": 1742554675.6203086
  },
  "53": {
    "data": "f41167d4",
    "size": 4,
    "timestamp": 1742554676.1178493
  },
  "54": {
    "data": "4e9e1f48",
    "size": 4,
    "timestamp": 1742554676.5913045
  },
  "55": {
    "data": "c4b0c66c",
    "size": 4,
    "timestamp": 1742554677.072439
  },
  "56": {
    "data": "4d4dc79b",
    "size": 4,
    "timestamp": 1742554677.5552325
  },
  "57": {
    "data": "c0f45be0",
    "size": 4,
    "timestamp": 1742554678.0390658
  },
  "58": {
    "data": "05699729",
    "size": 4,
    "timestamp": 1742554678.550029
  },
  "59": {
    "data": "70badb4b",
    "size": 4,
    "timestamp": 1742554679.0252454
  },
  "60": {
    "data": "000a9cee",
    "size": 4,
    "timestamp": 1742554679.4956007
  },
  "61": {
    "data": "e7d6e1ec",
    "size": 4,
    "timestamp": 1742554679.979151
  },
  "62": {
    "data": "5bcc318b",
    "size": 4,
    "timestamp": 1742554680.472312
  },
  "63": {
    "data": "8f873597",
    "size": 4,
    "timestamp": 1742554680.9375958
  },
  "64": {
    "data": "113e9511",
    "size": 4,
    "timestamp": 1742554681.4168308
  },
  "65": {
    "data": "29eec352",
    "size": 4,
    "timestamp": 1742554681.9141421
  },
  "66": {
    "data": "1ec26d25",
    "size": 4,
    "timestamp": 1742554682.4054723
  },
  "67": {
    "data": "f97c13ce",
    "size": 4,
    "timestamp": 1742554682.8655868
  },
  "68": {
    "data": "ea0cd1d0",
    "size": 4,
    "timestamp": 1742554683.3614223
  },
  "69": {
    "data": "6aabe153",
    "size": 4,
    "timestamp": 1742554683.8382018
  },
  "70": {
    "data": "c02531a7",
    "size": 4,
    "timestamp": 1742554684.3304927
  },
  "71": {
    "data": "e198a180",
    "size": 4,
    "timestamp": 1742554684.8137372
  },
  "72": {
    "data": "69477f53",
    "size": 4,
    "timestamp": 1742554685.287133
  },
  "73": {
    "data": "8dc6445b",
    "size": 4,
    "timestamp": 1742554685.76447
  },
  "74": {
    "data": "6d6803d4",
    "size": 4,
    "timestamp": 1742554686.2532747
  },
  "75": {
    "data": "19b3ee66",
    "size": 4,
    "timestamp": 1742554686.7352588
  },
  "76": {
    "data": "34a5cfb6",
    "size": 4,
    "timestamp": 1742554687.2037
  },
  "77": {
    "data": "c9fa6536",
    "size": 4,
    "timestamp": 1742554687.6793897
  },
  "78": {
    "data": "308dc435",
    "size": 4,
    "timestamp": 1742554688.172186
  },
  "79": {
    "data": "2d2d7f90",
    "size": 4,
    "timestamp": 1742554688.6479158
  },
  "80": {
    "data": "b0580797",
    "size": 4,
    "timestamp": 1742554689.1287353
  },
  "81": {
    "data": "8e731691",
    "size": 4,
    "timestamp": 1742554689.6228127
  },
  "82": {
    "data": "cc3dbaf3",
    "size": 4,
    "timestamp": 1742554690.1023917
  },
  "83": {
    "data": "6b00b8b2",
    "size": 4,
    "timestamp": 1742554690.5731387
  },
  "84": {
    "data": "7e5be7c9",
    "size": 4,
    "timestamp": 1742554691.0536246
  },
  "85": {
    "data": "72470294",
    "size": 4,
    "timestamp": 1742554691.5103273
  },
  "86": {
    "data": "0aaca772",
    "size": 4,
    "timestamp": 1742554691.9894996
  },
  "87": {
    "data": "578aa4c2",
    "size": 4,
    "timestamp": 1742554692.4616792
  },
  "88": {
    "data": "20806bb5",
    "size": 4,
    "timestamp": 1742554692.9357126
  },
  "89": {
    "data": "46e0af91",
    "size": 4,
    "timestamp": 1742554693.4073408
  },
  "90": {
    "data": "f60c33d0",
    "size": 4,
    "timestamp": 1742554693.8679168
  },
  "91": {
    "data": "b8cb4118",
    "size": 4,
    "timestamp": 1742554694.3502858
  },
  "92": {
    "data": "d64d0745",
    "size": 4,
    "timestamp": 1742554694.8124204
  },